{
    "RT": [
        [
            0.7660019993782043,
            -0.4697513282299042,
            -0.4388332962989807,
            1.4930286407470703
        ],
        [
            0.43055981397628784,
            0.8818192481994629,
            -0.1923876404762268,
            0.7055413722991943
        ],
        [
            0.4773460030555725,
            -0.041574638336896896,
            0.8777313828468323,
            -0.42288878560066223
        ],
        [
            1.002582905584859e-09,
            -1.547746464325428e-08,
            1.0913986159266642e-08,
            1.0
        ]
    ],
    "f0": 655.1170043945312,
    "f1": 405.26123046875
}